Iron Man,2008,Jon Favreau
The Incredible Hulk,2008,Louis Leterrier[8]
Iron Man 2,2010,Jon Favreau
Thor,2011,Kenneth Branagh
Captain America: The First Avenger,2011,Joe Johnston
Marvel's The Avengers,2012,Joss Whedon
Iron Man 3,2013,Shane Black
Thor: The Dark World,2013,Alan Taylor
Captain America: The Winter Soldier,2014,Anthony and Joe Russo
Guardians of the Galaxy,2014,James Gunn
Avengers: Age of Ultron,2015,Joss Whedon
Ant-Man,2015,Peyton Reed
Captain America: Civil War,2016,Anthony and Joe Russo
Doctor Strange,2016,Scott Derrickson
Guardians of the Galaxy Vol. 2,2017,James Gunn
Spider-Man: Homecoming,2017,Jon Watts
Thor: Ragnarok,2017,Taika Waititi
Avengers: Infinity War,2018,Anthony and Joe Russo