Titanic,1997,James Cameron
Transformers: Dark of the Moon,2011,Michael Bay
Transformers: Age of Extinction,2014,Michael Bay
Shrek 2,2004,Andrew Adamson and Kelly Asbury and Conrad Vernon
Transformers: Revenge of the Fallen,2009,Michael Bay
Shrek the Third,2007,Chris Miller and Raman Hui
Indiana Jones and the Kingdom of the Crystal Skull,2008,Steven Spielberg
Shrek Forever After,2010,Mike Mitchell
Madagascar 3: Europe's Most Wanted,2012,Eric Darnell and Tom McGrath and Conrad Vernon
Transformers,2007,Michael Bay
Mission: Impossible - Ghost Protocol,2011,Brad Bird
Mission: Impossible - Rogue Nation,2015,Christopher McQuarrie
Forrest Gump,1994,Robert Zemeckis
Interstellar,2014,Christopher Nolan
Kung Fu Panda 2,2011,Jennifer Yuh Nelson
Kung Fu Panda,2008,Mark Osborne and John Stevenson
Iron Man 2,2010,Jon Favreau
Madagascar: Escape 2 Africa,2008,Eric Darnell, Tom McGrath
War of the Worlds,2005,Steven Spielberg
Iron Man,2008,Jon Favreau
Puss in Boots,2011,Chris Miller
Mission: Impossible II,2000,John Woo